<TextureAtlas imagePath="blockPack_spritesheet.png">
	<SubTexture name="box.png" x="546" y="519" width="24" height="28"/>
	<SubTexture name="box_treasure.png" x="546" y="465" width="32" height="28"/>
	<SubTexture name="box_wide.png" x="512" y="403" width="36" height="28"/>
	<SubTexture name="cart.png" x="512" y="356" width="40" height="27"/>
	<SubTexture name="cart_horse.png" x="0" y="104" width="64" height="34"/>
	<SubTexture name="cart_top.png" x="512" y="48" width="58" height="48"/>
	<SubTexture name="character_horse.png" x="546" y="431" width="32" height="34"/>
	<SubTexture name="character_man.png" x="564" y="164" width="16" height="25"/>
	<SubTexture name="character_wizard.png" x="570" y="48" width="16" height="25"/>
	<SubTexture name="character_woman.png" x="570" y="519" width="16" height="26"/>
	<SubTexture name="detail_mud.png" x="512" y="236" width="50" height="28"/>
	<SubTexture name="detail_snow.png" x="512" y="208" width="50" height="28"/>
	<SubTexture name="detail_window.png" x="512" y="568" width="24" height="16"/>
	<SubTexture name="detail_windowBlue.png" x="512" y="383" width="40" height="20"/>
	<SubTexture name="detail_windowCastle.png" x="564" y="140" width="16" height="24"/>
	<SubTexture name="detail_windowRed.png" x="512" y="336" width="40" height="20"/>
	<SubTexture name="detail_windowSlit.png" x="566" y="569" width="10" height="24"/>
	<SubTexture name="door.png" x="564" y="96" width="16" height="22"/>
	<SubTexture name="door_glass.png" x="564" y="118" width="16" height="22"/>
	<SubTexture name="door_open.png" x="566" y="547" width="16" height="22"/>
	<SubTexture name="fence_double.png" x="448" y="508" width="64" height="24"/>
	<SubTexture name="fence_doubleGate.png" x="448" y="556" width="64" height="24"/>
	<SubTexture name="fence_single.png" x="448" y="532" width="64" height="24"/>
	<SubTexture name="fence_singleGate.png" x="0" y="564" width="64" height="24"/>
	<SubTexture name="foliageBush_large.png" x="546" y="493" width="32" height="26"/>
	<SubTexture name="foliageBush_small.png" x="558" y="300" width="18" height="16"/>
	<SubTexture name="foliageTree_green.png" x="552" y="336" width="29" height="90"/>
	<SubTexture name="foliageTree_orange.png" x="512" y="477" width="34" height="91"/>
	<SubTexture name="foliageTree_red.png" x="562" y="208" width="28" height="90"/>
	<SubTexture name="gravel_brown.png" x="512" y="300" width="46" height="36"/>
	<SubTexture name="gravel_grey.png" x="512" y="264" width="47" height="36"/>
	<SubTexture name="ladder_large.png" x="512" y="431" width="34" height="46"/>
	<SubTexture name="ladder_small.png" x="546" y="547" width="20" height="44"/>
	<SubTexture name="market_roofBlue.png" x="448" y="460" width="64" height="48"/>
	<SubTexture name="market_roofRed.png" x="512" y="0" width="64" height="48"/>
	<SubTexture name="market_stallBlue.png" x="512" y="96" width="52" height="56"/>
	<SubTexture name="market_stallRed.png" x="512" y="152" width="52" height="56"/>
	<SubTexture name="tileBridge.png" x="448" y="404" width="64" height="56"/>
	<SubTexture name="tileBuilding_frame.png" x="384" y="0" width="64" height="74"/>
	<SubTexture name="tileBuilding_roofBlue.png" x="448" y="330" width="64" height="74"/>
	<SubTexture name="tileBuilding_roofBluePoint.png" x="448" y="266" width="64" height="64"/>
	<SubTexture name="tileBuilding_roofBlueSide.png" x="448" y="202" width="64" height="64"/>
	<SubTexture name="tileBuilding_roofRed.png" x="448" y="128" width="64" height="74"/>
	<SubTexture name="tileBuilding_roofRedPoint.png" x="448" y="64" width="64" height="64"/>
	<SubTexture name="tileBuilding_roofRedSide.png" x="448" y="0" width="64" height="64"/>
	<SubTexture name="tileBuilding_sand.png" x="384" y="518" width="64" height="74"/>
	<SubTexture name="tileBuilding_stone.png" x="384" y="444" width="64" height="74"/>
	<SubTexture name="tileCastle.png" x="384" y="370" width="64" height="74"/>
	<SubTexture name="tileCastle_gate.png" x="384" y="296" width="64" height="74"/>
	<SubTexture name="tileCastle_stairs.png" x="384" y="222" width="64" height="74"/>
	<SubTexture name="tileCastle_stairsLeft.png" x="384" y="148" width="64" height="74"/>
	<SubTexture name="tileCastle_stairsRight.png" x="384" y="74" width="64" height="74"/>
	<SubTexture name="tileCastle_top.png" x="0" y="52" width="64" height="52"/>
	<SubTexture name="tileCastle_topRoof.png" x="0" y="0" width="64" height="52"/>
	<SubTexture name="tileDirt.png" x="320" y="440" width="64" height="74"/>
	<SubTexture name="tileDirt_slope.png" x="320" y="366" width="64" height="74"/>
	<SubTexture name="tileDirt_slopeLeft.png" x="320" y="294" width="64" height="72"/>
	<SubTexture name="tileDirt_slopeLeftRound.png" x="320" y="220" width="64" height="74"/>
	<SubTexture name="tileDirt_slopeRight.png" x="320" y="148" width="64" height="72"/>
	<SubTexture name="tileDirt_slopeRightRound.png" x="320" y="74" width="64" height="74"/>
	<SubTexture name="tileGoo.png" x="320" y="0" width="64" height="74"/>
	<SubTexture name="tileGoo_slope.png" x="256" y="514" width="64" height="74"/>
	<SubTexture name="tileGoo_slopeLeft.png" x="320" y="514" width="64" height="72"/>
	<SubTexture name="tileGoo_slopeLeftRound.png" x="256" y="440" width="64" height="74"/>
	<SubTexture name="tileGoo_slopeRight.png" x="256" y="368" width="64" height="72"/>
	<SubTexture name="tileGoo_slopeRightRound.png" x="256" y="294" width="64" height="74"/>
	<SubTexture name="tileGrass.png" x="256" y="220" width="64" height="74"/>
	<SubTexture name="tileGrass_slope.png" x="256" y="146" width="64" height="74"/>
	<SubTexture name="tileGrass_slopeLeft.png" x="256" y="74" width="64" height="72"/>
	<SubTexture name="tileGrass_slopeLeftRound.png" x="256" y="0" width="64" height="74"/>
	<SubTexture name="tileGrass_slopeRight.png" x="192" y="521" width="64" height="72"/>
	<SubTexture name="tileGrass_slopeRightRound.png" x="192" y="447" width="64" height="74"/>
	<SubTexture name="tileLava_1.png" x="192" y="372" width="64" height="75"/>
	<SubTexture name="tileLava_2.png" x="192" y="298" width="64" height="74"/>
	<SubTexture name="tileLava_3.png" x="192" y="223" width="64" height="75"/>
	<SubTexture name="tileLava_4.png" x="192" y="148" width="64" height="75"/>
	<SubTexture name="tileSand.png" x="192" y="74" width="64" height="74"/>
	<SubTexture name="tileSand_slope.png" x="192" y="0" width="64" height="74"/>
	<SubTexture name="tileSand_slopeLeft.png" x="128" y="514" width="64" height="72"/>
	<SubTexture name="tileSand_slopeLeftRound.png" x="128" y="440" width="64" height="74"/>
	<SubTexture name="tileSand_slopeRight.png" x="128" y="368" width="64" height="72"/>
	<SubTexture name="tileSand_slopeRightRound.png" x="128" y="294" width="64" height="74"/>
	<SubTexture name="tileSnow.png" x="128" y="220" width="64" height="74"/>
	<SubTexture name="tileSnow_slope.png" x="128" y="146" width="64" height="74"/>
	<SubTexture name="tileSnow_slopeLeft.png" x="128" y="74" width="64" height="72"/>
	<SubTexture name="tileSnow_slopeLeftRound.png" x="128" y="0" width="64" height="74"/>
	<SubTexture name="tileSnow_slopeRight.png" x="64" y="514" width="64" height="72"/>
	<SubTexture name="tileSnow_slopeRightRound.png" x="64" y="440" width="64" height="74"/>
	<SubTexture name="tileStone.png" x="64" y="366" width="64" height="74"/>
	<SubTexture name="tileStone_slope.png" x="64" y="292" width="64" height="74"/>
	<SubTexture name="tileStone_slopeLeft.png" x="64" y="220" width="64" height="72"/>
	<SubTexture name="tileStone_slopeLeftRound.png" x="64" y="146" width="64" height="74"/>
	<SubTexture name="tileStone_slopeRight.png" x="64" y="74" width="64" height="72"/>
	<SubTexture name="tileStone_slopeRightRound.png" x="64" y="0" width="64" height="74"/>
	<SubTexture name="tileWater_1.png" x="0" y="489" width="64" height="75"/>
	<SubTexture name="tileWater_2.png" x="0" y="415" width="64" height="74"/>
	<SubTexture name="tileWater_3.png" x="0" y="340" width="64" height="75"/>
	<SubTexture name="tileWater_4.png" x="0" y="265" width="64" height="75"/>
	<SubTexture name="tileWood.png" x="0" y="191" width="64" height="74"/>
	<SubTexture name="tileWood_flat.png" x="0" y="138" width="64" height="53"/>
</TextureAtlas>