<TextureAtlas imagePath="blockPack_spritesheet@2.png">
	<SubTexture name="box.png" x="1088" y="1091" width="48" height="56"/>
	<SubTexture name="box_treasure.png" x="1024" y="1070" width="64" height="56"/>
	<SubTexture name="box_wide.png" x="1024" y="854" width="72" height="56"/>
	<SubTexture name="cart.png" x="1024" y="760" width="80" height="54"/>
	<SubTexture name="cart_horse.png" x="768" y="1088" width="128" height="68"/>
	<SubTexture name="cart_top.png" x="1024" y="144" width="116" height="96"/>
	<SubTexture name="character_horse.png" x="1024" y="1002" width="64" height="68"/>
	<SubTexture name="character_man.png" x="1148" y="644" width="32" height="50"/>
	<SubTexture name="character_wizard.png" x="1140" y="144" width="32" height="50"/>
	<SubTexture name="character_woman.png" x="1136" y="1091" width="32" height="52"/>
	<SubTexture name="detail_mud.png" x="1024" y="520" width="100" height="56"/>
	<SubTexture name="detail_snow.png" x="1024" y="464" width="100" height="56"/>
	<SubTexture name="detail_window.png" x="0" y="1145" width="48" height="32"/>
	<SubTexture name="detail_windowBlue.png" x="1024" y="814" width="80" height="40"/>
	<SubTexture name="detail_windowCastle.png" x="1128" y="416" width="32" height="48"/>
	<SubTexture name="detail_windowRed.png" x="1024" y="720" width="80" height="40"/>
	<SubTexture name="detail_windowSlit.png" x="1152" y="0" width="20" height="48"/>
	<SubTexture name="door.png" x="1116" y="648" width="32" height="44"/>
	<SubTexture name="door_glass.png" x="1128" y="328" width="32" height="44"/>
	<SubTexture name="door_open.png" x="1128" y="372" width="32" height="44"/>
	<SubTexture name="fence_double.png" x="1024" y="48" width="128" height="48"/>
	<SubTexture name="fence_doubleGate.png" x="1024" y="0" width="128" height="48"/>
	<SubTexture name="fence_single.png" x="1024" y="96" width="128" height="48"/>
	<SubTexture name="fence_singleGate.png" x="640" y="1132" width="128" height="48"/>
	<SubTexture name="foliageBush_large.png" x="1024" y="1126" width="64" height="52"/>
	<SubTexture name="foliageBush_small.png" x="48" y="1145" width="36" height="32"/>
	<SubTexture name="foliageTree_green.png" x="1104" y="720" width="58" height="180"/>
	<SubTexture name="foliageTree_orange.png" x="1092" y="910" width="66" height="181"/>
	<SubTexture name="foliageTree_red.png" x="1124" y="464" width="54" height="180"/>
	<SubTexture name="gravel_brown.png" x="1024" y="648" width="92" height="72"/>
	<SubTexture name="gravel_grey.png" x="1024" y="576" width="93" height="72"/>
	<SubTexture name="ladder_large.png" x="1024" y="910" width="68" height="92"/>
	<SubTexture name="ladder_small.png" x="1128" y="240" width="40" height="88"/>
	<SubTexture name="market_roofBlue.png" x="768" y="252" width="128" height="96"/>
	<SubTexture name="market_roofRed.png" x="896" y="1068" width="128" height="96"/>
	<SubTexture name="market_stallBlue.png" x="1024" y="240" width="104" height="112"/>
	<SubTexture name="market_stallRed.png" x="1024" y="352" width="104" height="112"/>
	<SubTexture name="tileBridge.png" x="896" y="808" width="128" height="112"/>
	<SubTexture name="tileBuilding_frame.png" x="896" y="660" width="128" height="148"/>
	<SubTexture name="tileBuilding_roofBlue.png" x="896" y="920" width="128" height="148"/>
	<SubTexture name="tileBuilding_roofBluePoint.png" x="896" y="532" width="128" height="128"/>
	<SubTexture name="tileBuilding_roofBlueSide.png" x="896" y="404" width="128" height="128"/>
	<SubTexture name="tileBuilding_roofRed.png" x="896" y="256" width="128" height="148"/>
	<SubTexture name="tileBuilding_roofRedPoint.png" x="896" y="128" width="128" height="128"/>
	<SubTexture name="tileBuilding_roofRedSide.png" x="896" y="0" width="128" height="128"/>
	<SubTexture name="tileBuilding_sand.png" x="768" y="940" width="128" height="148"/>
	<SubTexture name="tileBuilding_stone.png" x="768" y="792" width="128" height="148"/>
	<SubTexture name="tileCastle.png" x="768" y="644" width="128" height="148"/>
	<SubTexture name="tileCastle_gate.png" x="768" y="496" width="128" height="148"/>
	<SubTexture name="tileCastle_stairs.png" x="768" y="348" width="128" height="148"/>
	<SubTexture name="tileCastle_stairsLeft.png" x="768" y="104" width="128" height="148"/>
	<SubTexture name="tileCastle_stairsRight.png" x="0" y="0" width="128" height="148"/>
	<SubTexture name="tileCastle_top.png" x="768" y="0" width="128" height="104"/>
	<SubTexture name="tileCastle_topRoof.png" x="640" y="1028" width="128" height="104"/>
	<SubTexture name="tileDirt.png" x="640" y="880" width="128" height="148"/>
	<SubTexture name="tileDirt_slope.png" x="640" y="732" width="128" height="148"/>
	<SubTexture name="tileDirt_slopeLeft.png" x="640" y="588" width="128" height="144"/>
	<SubTexture name="tileDirt_slopeLeftRound.png" x="640" y="440" width="128" height="148"/>
	<SubTexture name="tileDirt_slopeRight.png" x="640" y="296" width="128" height="144"/>
	<SubTexture name="tileDirt_slopeRightRound.png" x="640" y="148" width="128" height="148"/>
	<SubTexture name="tileGoo.png" x="640" y="0" width="128" height="148"/>
	<SubTexture name="tileGoo_slope.png" x="512" y="1028" width="128" height="148"/>
	<SubTexture name="tileGoo_slopeLeft.png" x="512" y="884" width="128" height="144"/>
	<SubTexture name="tileGoo_slopeLeftRound.png" x="512" y="736" width="128" height="148"/>
	<SubTexture name="tileGoo_slopeRight.png" x="512" y="592" width="128" height="144"/>
	<SubTexture name="tileGoo_slopeRightRound.png" x="512" y="444" width="128" height="148"/>
	<SubTexture name="tileGrass.png" x="512" y="296" width="128" height="148"/>
	<SubTexture name="tileGrass_slope.png" x="512" y="148" width="128" height="148"/>
	<SubTexture name="tileGrass_slopeLeft.png" x="384" y="1035" width="128" height="144"/>
	<SubTexture name="tileGrass_slopeLeftRound.png" x="512" y="0" width="128" height="148"/>
	<SubTexture name="tileGrass_slopeRight.png" x="384" y="891" width="128" height="144"/>
	<SubTexture name="tileGrass_slopeRightRound.png" x="384" y="743" width="128" height="148"/>
	<SubTexture name="tileLava_1.png" x="384" y="594" width="128" height="149"/>
	<SubTexture name="tileLava_2.png" x="384" y="446" width="128" height="148"/>
	<SubTexture name="tileLava_3.png" x="384" y="297" width="128" height="149"/>
	<SubTexture name="tileLava_4.png" x="384" y="148" width="128" height="149"/>
	<SubTexture name="tileSand.png" x="384" y="0" width="128" height="148"/>
	<SubTexture name="tileSand_slope.png" x="256" y="1024" width="128" height="148"/>
	<SubTexture name="tileSand_slopeLeft.png" x="256" y="880" width="128" height="144"/>
	<SubTexture name="tileSand_slopeLeftRound.png" x="256" y="732" width="128" height="148"/>
	<SubTexture name="tileSand_slopeRight.png" x="256" y="588" width="128" height="144"/>
	<SubTexture name="tileSand_slopeRightRound.png" x="256" y="440" width="128" height="148"/>
	<SubTexture name="tileSnow.png" x="256" y="292" width="128" height="148"/>
	<SubTexture name="tileSnow_slope.png" x="256" y="144" width="128" height="148"/>
	<SubTexture name="tileSnow_slopeLeft.png" x="256" y="0" width="128" height="144"/>
	<SubTexture name="tileSnow_slopeLeftRound.png" x="128" y="1024" width="128" height="148"/>
	<SubTexture name="tileSnow_slopeRight.png" x="128" y="880" width="128" height="144"/>
	<SubTexture name="tileSnow_slopeRightRound.png" x="128" y="732" width="128" height="148"/>
	<SubTexture name="tileStone.png" x="128" y="584" width="128" height="148"/>
	<SubTexture name="tileStone_slope.png" x="128" y="436" width="128" height="148"/>
	<SubTexture name="tileStone_slopeLeft.png" x="128" y="292" width="128" height="144"/>
	<SubTexture name="tileStone_slopeLeftRound.png" x="128" y="144" width="128" height="148"/>
	<SubTexture name="tileStone_slopeRight.png" x="128" y="0" width="128" height="144"/>
	<SubTexture name="tileStone_slopeRightRound.png" x="0" y="997" width="128" height="148"/>
	<SubTexture name="tileWater_1.png" x="0" y="848" width="128" height="149"/>
	<SubTexture name="tileWater_2.png" x="0" y="700" width="128" height="148"/>
	<SubTexture name="tileWater_3.png" x="0" y="551" width="128" height="149"/>
	<SubTexture name="tileWater_4.png" x="0" y="402" width="128" height="149"/>
	<SubTexture name="tileWood.png" x="0" y="254" width="128" height="148"/>
	<SubTexture name="tileWood_flat.png" x="0" y="148" width="128" height="106"/>
</TextureAtlas>