<TextureAtlas imagePath="spritesheet.png">
	<SubTexture name="background_rock_a" x="320" y="128" width="64" height="64"/>
	<SubTexture name="background_rock_b" x="640" y="256" width="64" height="64"/>
	<SubTexture name="background_seaweed_a" x="640" y="192" width="64" height="64"/>
	<SubTexture name="background_seaweed_b" x="640" y="128" width="64" height="64"/>
	<SubTexture name="background_seaweed_c" x="640" y="64" width="64" height="64"/>
	<SubTexture name="background_seaweed_d" x="640" y="0" width="64" height="64"/>
	<SubTexture name="background_seaweed_e" x="576" y="704" width="64" height="64"/>
	<SubTexture name="background_seaweed_f" x="576" y="640" width="64" height="64"/>
	<SubTexture name="background_seaweed_g" x="576" y="576" width="64" height="64"/>
	<SubTexture name="background_seaweed_h" x="576" y="512" width="64" height="64"/>
	<SubTexture name="background_terrain" x="576" y="448" width="64" height="64"/>
	<SubTexture name="background_terrain_top" x="576" y="384" width="64" height="64"/>
	<SubTexture name="bubble_a" x="576" y="320" width="64" height="64"/>
	<SubTexture name="bubble_b" x="576" y="256" width="64" height="64"/>
	<SubTexture name="bubble_c" x="576" y="192" width="64" height="64"/>
	<SubTexture name="fish_blue" x="576" y="128" width="64" height="64"/>
	<SubTexture name="fish_blue_outline" x="576" y="64" width="64" height="64"/>
	<SubTexture name="fish_blue_skeleton" x="576" y="0" width="64" height="64"/>
	<SubTexture name="fish_blue_skeleton_outline" x="512" y="704" width="64" height="64"/>
	<SubTexture name="fish_brown" x="512" y="640" width="64" height="64"/>
	<SubTexture name="fish_brown_outline" x="512" y="576" width="64" height="64"/>
	<SubTexture name="fish_green" x="512" y="512" width="64" height="64"/>
	<SubTexture name="fish_green_outline" x="512" y="448" width="64" height="64"/>
	<SubTexture name="fish_green_skeleton" x="512" y="384" width="64" height="64"/>
	<SubTexture name="fish_green_skeleton_outline" x="512" y="320" width="64" height="64"/>
	<SubTexture name="fish_grey" x="512" y="256" width="64" height="64"/>
	<SubTexture name="fish_grey_long_a" x="512" y="192" width="64" height="64"/>
	<SubTexture name="fish_grey_long_a_outline" x="512" y="128" width="64" height="64"/>
	<SubTexture name="fish_grey_long_b" x="512" y="64" width="64" height="64"/>
	<SubTexture name="fish_grey_long_b_outline" x="512" y="0" width="64" height="64"/>
	<SubTexture name="fish_grey_outline" x="448" y="704" width="64" height="64"/>
	<SubTexture name="fish_orange" x="448" y="640" width="64" height="64"/>
	<SubTexture name="fish_orange_outline" x="448" y="576" width="64" height="64"/>
	<SubTexture name="fish_orange_skeleton" x="448" y="512" width="64" height="64"/>
	<SubTexture name="fish_orange_skeleton_outline" x="448" y="448" width="64" height="64"/>
	<SubTexture name="fish_pink" x="448" y="384" width="64" height="64"/>
	<SubTexture name="fish_pink_outline" x="448" y="320" width="64" height="64"/>
	<SubTexture name="fish_pink_skeleton" x="448" y="256" width="64" height="64"/>
	<SubTexture name="fish_pink_skeleton_outline" x="448" y="192" width="64" height="64"/>
	<SubTexture name="fish_red" x="448" y="128" width="64" height="64"/>
	<SubTexture name="fish_red_outline" x="448" y="64" width="64" height="64"/>
	<SubTexture name="fish_red_skeleton" x="448" y="0" width="64" height="64"/>
	<SubTexture name="fish_red_skeleton_outline" x="384" y="704" width="64" height="64"/>
	<SubTexture name="hud_colon" x="384" y="640" width="64" height="64"/>
	<SubTexture name="hud_dollar" x="384" y="576" width="64" height="64"/>
	<SubTexture name="hud_dot" x="384" y="512" width="64" height="64"/>
	<SubTexture name="hud_number_0" x="384" y="448" width="64" height="64"/>
	<SubTexture name="hud_number_1" x="384" y="384" width="64" height="64"/>
	<SubTexture name="hud_number_2" x="384" y="320" width="64" height="64"/>
	<SubTexture name="hud_number_3" x="384" y="256" width="64" height="64"/>
	<SubTexture name="hud_number_4" x="384" y="192" width="64" height="64"/>
	<SubTexture name="hud_number_5" x="384" y="128" width="64" height="64"/>
	<SubTexture name="hud_number_6" x="384" y="64" width="64" height="64"/>
	<SubTexture name="hud_number_7" x="384" y="0" width="64" height="64"/>
	<SubTexture name="hud_number_8" x="320" y="704" width="64" height="64"/>
	<SubTexture name="hud_number_9" x="320" y="640" width="64" height="64"/>
	<SubTexture name="hud_percent" x="320" y="576" width="64" height="64"/>
	<SubTexture name="hud_plus" x="320" y="512" width="64" height="64"/>
	<SubTexture name="rock_a" x="320" y="448" width="64" height="64"/>
	<SubTexture name="rock_a_outline" x="320" y="384" width="64" height="64"/>
	<SubTexture name="rock_b" x="320" y="320" width="64" height="64"/>
	<SubTexture name="rock_b_outline" x="320" y="256" width="64" height="64"/>
	<SubTexture name="seaweed_grass_a" x="320" y="192" width="64" height="64"/>
	<SubTexture name="seaweed_grass_a_outline" x="640" y="320" width="64" height="64"/>
	<SubTexture name="seaweed_grass_b" x="320" y="64" width="64" height="64"/>
	<SubTexture name="seaweed_grass_b_outline" x="320" y="0" width="64" height="64"/>
	<SubTexture name="seaweed_green_a" x="256" y="704" width="64" height="64"/>
	<SubTexture name="seaweed_green_a_outline" x="256" y="640" width="64" height="64"/>
	<SubTexture name="seaweed_green_b" x="256" y="576" width="64" height="64"/>
	<SubTexture name="seaweed_green_b_outline" x="256" y="512" width="64" height="64"/>
	<SubTexture name="seaweed_green_c" x="256" y="448" width="64" height="64"/>
	<SubTexture name="seaweed_green_c_outline" x="256" y="384" width="64" height="64"/>
	<SubTexture name="seaweed_green_d" x="256" y="320" width="64" height="64"/>
	<SubTexture name="seaweed_green_d_outline" x="256" y="256" width="64" height="64"/>
	<SubTexture name="seaweed_orange_a" x="256" y="192" width="64" height="64"/>
	<SubTexture name="seaweed_orange_a_outline" x="256" y="128" width="64" height="64"/>
	<SubTexture name="seaweed_orange_b" x="256" y="64" width="64" height="64"/>
	<SubTexture name="seaweed_orange_b_outline" x="256" y="0" width="64" height="64"/>
	<SubTexture name="seaweed_pink_a" x="192" y="704" width="64" height="64"/>
	<SubTexture name="seaweed_pink_a_outline" x="192" y="640" width="64" height="64"/>
	<SubTexture name="seaweed_pink_b" x="192" y="576" width="64" height="64"/>
	<SubTexture name="seaweed_pink_b_outline" x="192" y="512" width="64" height="64"/>
	<SubTexture name="seaweed_pink_c" x="192" y="448" width="64" height="64"/>
	<SubTexture name="seaweed_pink_c_outline" x="192" y="384" width="64" height="64"/>
	<SubTexture name="seaweed_pink_d" x="192" y="320" width="64" height="64"/>
	<SubTexture name="seaweed_pink_d_outline" x="192" y="256" width="64" height="64"/>
	<SubTexture name="terrain_dirt_a" x="192" y="192" width="64" height="64"/>
	<SubTexture name="terrain_dirt_b" x="192" y="128" width="64" height="64"/>
	<SubTexture name="terrain_dirt_c" x="192" y="64" width="64" height="64"/>
	<SubTexture name="terrain_dirt_d" x="192" y="0" width="64" height="64"/>
	<SubTexture name="terrain_dirt_top_a" x="128" y="704" width="64" height="64"/>
	<SubTexture name="terrain_dirt_top_a_outline" x="128" y="640" width="64" height="64"/>
	<SubTexture name="terrain_dirt_top_b" x="128" y="576" width="64" height="64"/>
	<SubTexture name="terrain_dirt_top_b_outline" x="128" y="512" width="64" height="64"/>
	<SubTexture name="terrain_dirt_top_c" x="128" y="448" width="64" height="64"/>
	<SubTexture name="terrain_dirt_top_c_outline" x="128" y="384" width="64" height="64"/>
	<SubTexture name="terrain_dirt_top_d" x="128" y="320" width="64" height="64"/>
	<SubTexture name="terrain_dirt_top_d_outline" x="128" y="256" width="64" height="64"/>
	<SubTexture name="terrain_dirt_top_e" x="128" y="192" width="64" height="64"/>
	<SubTexture name="terrain_dirt_top_e_outline" x="128" y="128" width="64" height="64"/>
	<SubTexture name="terrain_dirt_top_f" x="128" y="64" width="64" height="64"/>
	<SubTexture name="terrain_dirt_top_f_outline" x="128" y="0" width="64" height="64"/>
	<SubTexture name="terrain_dirt_top_g" x="64" y="704" width="64" height="64"/>
	<SubTexture name="terrain_dirt_top_g_outline" x="64" y="640" width="64" height="64"/>
	<SubTexture name="terrain_dirt_top_h" x="64" y="576" width="64" height="64"/>
	<SubTexture name="terrain_dirt_top_h_outline" x="64" y="512" width="64" height="64"/>
	<SubTexture name="terrain_sand_a" x="64" y="448" width="64" height="64"/>
	<SubTexture name="terrain_sand_b" x="64" y="384" width="64" height="64"/>
	<SubTexture name="terrain_sand_c" x="64" y="320" width="64" height="64"/>
	<SubTexture name="terrain_sand_d" x="64" y="256" width="64" height="64"/>
	<SubTexture name="terrain_sand_top_a" x="64" y="192" width="64" height="64"/>
	<SubTexture name="terrain_sand_top_a_outline" x="64" y="128" width="64" height="64"/>
	<SubTexture name="terrain_sand_top_b" x="64" y="64" width="64" height="64"/>
	<SubTexture name="terrain_sand_top_b_outline" x="64" y="0" width="64" height="64"/>
	<SubTexture name="terrain_sand_top_c" x="0" y="704" width="64" height="64"/>
	<SubTexture name="terrain_sand_top_c_outline" x="0" y="640" width="64" height="64"/>
	<SubTexture name="terrain_sand_top_d" x="0" y="576" width="64" height="64"/>
	<SubTexture name="terrain_sand_top_d_outline" x="0" y="512" width="64" height="64"/>
	<SubTexture name="terrain_sand_top_e" x="0" y="448" width="64" height="64"/>
	<SubTexture name="terrain_sand_top_e_outline" x="0" y="384" width="64" height="64"/>
	<SubTexture name="terrain_sand_top_f" x="0" y="320" width="64" height="64"/>
	<SubTexture name="terrain_sand_top_f_outline" x="0" y="256" width="64" height="64"/>
	<SubTexture name="terrain_sand_top_g" x="0" y="192" width="64" height="64"/>
	<SubTexture name="terrain_sand_top_g_outline" x="0" y="128" width="64" height="64"/>
	<SubTexture name="terrain_sand_top_h" x="0" y="64" width="64" height="64"/>
	<SubTexture name="terrain_sand_top_h_outline" x="0" y="0" width="64" height="64"/>
</TextureAtlas>