<TextureAtlas imagePath="spritesheet-double.png">
	<SubTexture name="background_rock_a" x="640" y="256" width="128" height="128"/>
	<SubTexture name="background_rock_b" x="1280" y="512" width="128" height="128"/>
	<SubTexture name="background_seaweed_a" x="1280" y="384" width="128" height="128"/>
	<SubTexture name="background_seaweed_b" x="1280" y="256" width="128" height="128"/>
	<SubTexture name="background_seaweed_c" x="1280" y="128" width="128" height="128"/>
	<SubTexture name="background_seaweed_d" x="1280" y="0" width="128" height="128"/>
	<SubTexture name="background_seaweed_e" x="1152" y="1408" width="128" height="128"/>
	<SubTexture name="background_seaweed_f" x="1152" y="1280" width="128" height="128"/>
	<SubTexture name="background_seaweed_g" x="1152" y="1152" width="128" height="128"/>
	<SubTexture name="background_seaweed_h" x="1152" y="1024" width="128" height="128"/>
	<SubTexture name="background_terrain" x="1152" y="896" width="128" height="128"/>
	<SubTexture name="background_terrain_top" x="1152" y="768" width="128" height="128"/>
	<SubTexture name="bubble_a" x="1152" y="640" width="128" height="128"/>
	<SubTexture name="bubble_b" x="1152" y="512" width="128" height="128"/>
	<SubTexture name="bubble_c" x="1152" y="384" width="128" height="128"/>
	<SubTexture name="fish_blue" x="1152" y="256" width="128" height="128"/>
	<SubTexture name="fish_blue_outline" x="1152" y="128" width="128" height="128"/>
	<SubTexture name="fish_blue_skeleton" x="1152" y="0" width="128" height="128"/>
	<SubTexture name="fish_blue_skeleton_outline" x="1024" y="1408" width="128" height="128"/>
	<SubTexture name="fish_brown" x="1024" y="1280" width="128" height="128"/>
	<SubTexture name="fish_brown_outline" x="1024" y="1152" width="128" height="128"/>
	<SubTexture name="fish_green" x="1024" y="1024" width="128" height="128"/>
	<SubTexture name="fish_green_outline" x="1024" y="896" width="128" height="128"/>
	<SubTexture name="fish_green_skeleton" x="1024" y="768" width="128" height="128"/>
	<SubTexture name="fish_green_skeleton_outline" x="1024" y="640" width="128" height="128"/>
	<SubTexture name="fish_grey" x="1024" y="512" width="128" height="128"/>
	<SubTexture name="fish_grey_long_a" x="1024" y="384" width="128" height="128"/>
	<SubTexture name="fish_grey_long_a_outline" x="1024" y="256" width="128" height="128"/>
	<SubTexture name="fish_grey_long_b" x="1024" y="128" width="128" height="128"/>
	<SubTexture name="fish_grey_long_b_outline" x="1024" y="0" width="128" height="128"/>
	<SubTexture name="fish_grey_outline" x="896" y="1408" width="128" height="128"/>
	<SubTexture name="fish_orange" x="896" y="1280" width="128" height="128"/>
	<SubTexture name="fish_orange_outline" x="896" y="1152" width="128" height="128"/>
	<SubTexture name="fish_orange_skeleton" x="896" y="1024" width="128" height="128"/>
	<SubTexture name="fish_orange_skeleton_outline" x="896" y="896" width="128" height="128"/>
	<SubTexture name="fish_pink" x="896" y="768" width="128" height="128"/>
	<SubTexture name="fish_pink_outline" x="896" y="640" width="128" height="128"/>
	<SubTexture name="fish_pink_skeleton" x="896" y="512" width="128" height="128"/>
	<SubTexture name="fish_pink_skeleton_outline" x="896" y="384" width="128" height="128"/>
	<SubTexture name="fish_red" x="896" y="256" width="128" height="128"/>
	<SubTexture name="fish_red_outline" x="896" y="128" width="128" height="128"/>
	<SubTexture name="fish_red_skeleton" x="896" y="0" width="128" height="128"/>
	<SubTexture name="fish_red_skeleton_outline" x="768" y="1408" width="128" height="128"/>
	<SubTexture name="hud_colon" x="768" y="1280" width="128" height="128"/>
	<SubTexture name="hud_dollar" x="768" y="1152" width="128" height="128"/>
	<SubTexture name="hud_dot" x="768" y="1024" width="128" height="128"/>
	<SubTexture name="hud_number_0" x="768" y="896" width="128" height="128"/>
	<SubTexture name="hud_number_1" x="768" y="768" width="128" height="128"/>
	<SubTexture name="hud_number_2" x="768" y="640" width="128" height="128"/>
	<SubTexture name="hud_number_3" x="768" y="512" width="128" height="128"/>
	<SubTexture name="hud_number_4" x="768" y="384" width="128" height="128"/>
	<SubTexture name="hud_number_5" x="768" y="256" width="128" height="128"/>
	<SubTexture name="hud_number_6" x="768" y="128" width="128" height="128"/>
	<SubTexture name="hud_number_7" x="768" y="0" width="128" height="128"/>
	<SubTexture name="hud_number_8" x="640" y="1408" width="128" height="128"/>
	<SubTexture name="hud_number_9" x="640" y="1280" width="128" height="128"/>
	<SubTexture name="hud_percent" x="640" y="1152" width="128" height="128"/>
	<SubTexture name="hud_plus" x="640" y="1024" width="128" height="128"/>
	<SubTexture name="rock_a" x="640" y="896" width="128" height="128"/>
	<SubTexture name="rock_a_outline" x="640" y="768" width="128" height="128"/>
	<SubTexture name="rock_b" x="640" y="640" width="128" height="128"/>
	<SubTexture name="rock_b_outline" x="640" y="512" width="128" height="128"/>
	<SubTexture name="seaweed_grass_a" x="640" y="384" width="128" height="128"/>
	<SubTexture name="seaweed_grass_a_outline" x="1280" y="640" width="128" height="128"/>
	<SubTexture name="seaweed_grass_b" x="640" y="128" width="128" height="128"/>
	<SubTexture name="seaweed_grass_b_outline" x="640" y="0" width="128" height="128"/>
	<SubTexture name="seaweed_green_a" x="512" y="1408" width="128" height="128"/>
	<SubTexture name="seaweed_green_a_outline" x="512" y="1280" width="128" height="128"/>
	<SubTexture name="seaweed_green_b" x="512" y="1152" width="128" height="128"/>
	<SubTexture name="seaweed_green_b_outline" x="512" y="1024" width="128" height="128"/>
	<SubTexture name="seaweed_green_c" x="512" y="896" width="128" height="128"/>
	<SubTexture name="seaweed_green_c_outline" x="512" y="768" width="128" height="128"/>
	<SubTexture name="seaweed_green_d" x="512" y="640" width="128" height="128"/>
	<SubTexture name="seaweed_green_d_outline" x="512" y="512" width="128" height="128"/>
	<SubTexture name="seaweed_orange_a" x="512" y="384" width="128" height="128"/>
	<SubTexture name="seaweed_orange_a_outline" x="512" y="256" width="128" height="128"/>
	<SubTexture name="seaweed_orange_b" x="512" y="128" width="128" height="128"/>
	<SubTexture name="seaweed_orange_b_outline" x="512" y="0" width="128" height="128"/>
	<SubTexture name="seaweed_pink_a" x="384" y="1408" width="128" height="128"/>
	<SubTexture name="seaweed_pink_a_outline" x="384" y="1280" width="128" height="128"/>
	<SubTexture name="seaweed_pink_b" x="384" y="1152" width="128" height="128"/>
	<SubTexture name="seaweed_pink_b_outline" x="384" y="1024" width="128" height="128"/>
	<SubTexture name="seaweed_pink_c" x="384" y="896" width="128" height="128"/>
	<SubTexture name="seaweed_pink_c_outline" x="384" y="768" width="128" height="128"/>
	<SubTexture name="seaweed_pink_d" x="384" y="640" width="128" height="128"/>
	<SubTexture name="seaweed_pink_d_outline" x="384" y="512" width="128" height="128"/>
	<SubTexture name="terrain_dirt_a" x="384" y="384" width="128" height="128"/>
	<SubTexture name="terrain_dirt_b" x="384" y="256" width="128" height="128"/>
	<SubTexture name="terrain_dirt_c" x="384" y="128" width="128" height="128"/>
	<SubTexture name="terrain_dirt_d" x="384" y="0" width="128" height="128"/>
	<SubTexture name="terrain_dirt_top_a" x="256" y="1408" width="128" height="128"/>
	<SubTexture name="terrain_dirt_top_a_outline" x="256" y="1280" width="128" height="128"/>
	<SubTexture name="terrain_dirt_top_b" x="256" y="1152" width="128" height="128"/>
	<SubTexture name="terrain_dirt_top_b_outline" x="256" y="1024" width="128" height="128"/>
	<SubTexture name="terrain_dirt_top_c" x="256" y="896" width="128" height="128"/>
	<SubTexture name="terrain_dirt_top_c_outline" x="256" y="768" width="128" height="128"/>
	<SubTexture name="terrain_dirt_top_d" x="256" y="640" width="128" height="128"/>
	<SubTexture name="terrain_dirt_top_d_outline" x="256" y="512" width="128" height="128"/>
	<SubTexture name="terrain_dirt_top_e" x="256" y="384" width="128" height="128"/>
	<SubTexture name="terrain_dirt_top_e_outline" x="256" y="256" width="128" height="128"/>
	<SubTexture name="terrain_dirt_top_f" x="256" y="128" width="128" height="128"/>
	<SubTexture name="terrain_dirt_top_f_outline" x="256" y="0" width="128" height="128"/>
	<SubTexture name="terrain_dirt_top_g" x="128" y="1408" width="128" height="128"/>
	<SubTexture name="terrain_dirt_top_g_outline" x="128" y="1280" width="128" height="128"/>
	<SubTexture name="terrain_dirt_top_h" x="128" y="1152" width="128" height="128"/>
	<SubTexture name="terrain_dirt_top_h_outline" x="128" y="1024" width="128" height="128"/>
	<SubTexture name="terrain_sand_a" x="128" y="896" width="128" height="128"/>
	<SubTexture name="terrain_sand_b" x="128" y="768" width="128" height="128"/>
	<SubTexture name="terrain_sand_c" x="128" y="640" width="128" height="128"/>
	<SubTexture name="terrain_sand_d" x="128" y="512" width="128" height="128"/>
	<SubTexture name="terrain_sand_top_a" x="128" y="384" width="128" height="128"/>
	<SubTexture name="terrain_sand_top_a_outline" x="128" y="256" width="128" height="128"/>
	<SubTexture name="terrain_sand_top_b" x="128" y="128" width="128" height="128"/>
	<SubTexture name="terrain_sand_top_b_outline" x="128" y="0" width="128" height="128"/>
	<SubTexture name="terrain_sand_top_c" x="0" y="1408" width="128" height="128"/>
	<SubTexture name="terrain_sand_top_c_outline" x="0" y="1280" width="128" height="128"/>
	<SubTexture name="terrain_sand_top_d" x="0" y="1152" width="128" height="128"/>
	<SubTexture name="terrain_sand_top_d_outline" x="0" y="1024" width="128" height="128"/>
	<SubTexture name="terrain_sand_top_e" x="0" y="896" width="128" height="128"/>
	<SubTexture name="terrain_sand_top_e_outline" x="0" y="768" width="128" height="128"/>
	<SubTexture name="terrain_sand_top_f" x="0" y="640" width="128" height="128"/>
	<SubTexture name="terrain_sand_top_f_outline" x="0" y="512" width="128" height="128"/>
	<SubTexture name="terrain_sand_top_g" x="0" y="384" width="128" height="128"/>
	<SubTexture name="terrain_sand_top_g_outline" x="0" y="256" width="128" height="128"/>
	<SubTexture name="terrain_sand_top_h" x="0" y="128" width="128" height="128"/>
	<SubTexture name="terrain_sand_top_h_outline" x="0" y="0" width="128" height="128"/>
</TextureAtlas>